ID,Name,Price,Url
1,日本 明治「GOCHI」軟糖,99,/photo/Merchandise/日本 明治「GOCHI」軟糖.png
2,日本BOURBON北日本條狀軟糖,99,/photo/Merchandise/日本BOURBON北日本條狀軟糖.png
3,日本Glico格力高 9袋入百利滋野菜棒,99,/photo/Merchandise/日本Glico格力高 9袋入百利滋野菜棒.png
4,日本Glico格力高 Pocky百奇 櫻花抹茶棒-9袋入,99,/photo/Merchandise/日本Glico格力高 Pocky百奇 櫻花抹茶棒-9袋入.png
5,日本《明治》杏仁巧克力,99,/photo/Merchandise/日本《明治》杏仁巧克力.png
6,日本梅津堂特選梅片,99,/photo/Merchandise/日本梅津堂特選梅片.png
7,日本神田 綜合點心米果,99,/photo/Merchandise/日本神田 綜合點心米果.png
8,東豊洋芋片-奶油鹽風味4枚入包,99,/photo/Merchandise/東豊洋芋片-奶油鹽風味4枚入包.png
9,蠟筆小新巧克比盒-巧克力風味,99,/photo/Merchandise/蠟筆小新巧克比盒-巧克力風味.png
10,韓國CJ Petitzel 美味蘋果軟糖,99,/photo/Merchandise/韓國CJ Petitzel 美味蘋果軟糖.png
11,韓國CW大蒜麵包餅乾,99,/photo/Merchandise/韓國CW大蒜麵包餅乾.png
12,韓國ORION好麗友 葡萄軟糖,99,/photo/Merchandise/韓國ORION好麗友 葡萄軟糖.png
13,韓國ORION好麗友烏龜玉米脆片餅乾,99,/photo/Merchandise/韓國ORION好麗友烏龜玉米脆片餅乾.png
14,韓國Toms大蒜麵包杏仁果,99,/photo/Merchandise/韓國Toms大蒜麵包杏仁果.png
15,韓國好麗友 水蜜桃QQ軟糖,99,/photo/Merchandise/韓國好麗友 水蜜桃QQ軟糖.png
16,韓國火辣雞肉風味鐵板炒麵,99,/photo/Merchandise/韓國火辣雞肉風味鐵板炒麵.png
17,韓國燒酒,99,/photo/Merchandise/韓國燒酒.png
18,韓國辛拉麵,99,/photo/Merchandise/韓國辛拉麵.png
19,韓國農心浣熊炸醬麵,99,/photo/Merchandise/韓國農心浣熊炸醬麵.png
20,韓國金螃蟹海鮮風味拉麵,99,/photo/Merchandise/韓國金螃蟹海鮮風味拉麵.png
